Iter.,Eval.,Best,ical.rescale,ikr.rescale,IKs.rescale,INa.rescale,INaL.rescale,membrane.c0,Time m:s
0,0,inf,4.01E+00,3.49E+00,4.25E+00,1.57E+00,3.77E+00,-1.56E+00,2.82E-05
0,9,4.22E+05,4.01E+00,3.37E+00,4.32E+00,1.60E+00,3.72E+00,-1.51E+00,221.738006
1,18,4.03E+05,4.30E+00,3.36E+00,4.23E+00,1.77E+00,3.73E+00,-1.50E+00,445.3676656
2,27,3.41E+05,4.35E+00,3.08E+00,4.22E+00,1.80E+00,3.73E+00,-1.58E+00,674.5955555
3,36,3.07E+05,4.02E+00,3.01E+00,3.78E+00,1.45E+00,3.90E+00,-1.44E+00,902.2786116
4,45,1.77E+05,4.03E+00,2.46E+00,3.83E+00,1.59E+00,3.90E+00,-1.63E+00,1143.217522
5,54,5.54E+04,4.32E+00,1.92E+00,3.69E+00,1.13E+00,3.86E+00,-1.44E+00,1375.854557
6,63,1.51E+04,3.97E+00,1.66E+00,3.95E+00,1.27E+00,4.45E+00,-1.41E+00,1623.820466
7,72,1.51E+04,3.97E+00,1.66E+00,3.95E+00,1.27E+00,4.45E+00,-1.41E+00,1858.935148
8,81,1.51E+04,3.97E+00,1.66E+00,3.95E+00,1.27E+00,4.45E+00,-1.41E+00,2091.902913
9,90,1.51E+04,3.97E+00,1.66E+00,3.95E+00,1.27E+00,4.45E+00,-1.41E+00,2329.553223
10,99,1.47E+04,3.63E+00,1.49E+00,4.49E+00,3.02E+00,3.94E+00,-1.27E+00,2565.434327
11,108,1.18E+04,2.99E+00,1.73E+00,4.29E+00,2.07E+00,4.68E+00,-2.41E+00,2795.126214
12,117,6.25E+03,2.41E+00,1.63E+00,4.78E+00,1.61E+00,4.83E+00,-2.53E+00,3053.889642
13,126,6.01E+03,2.42E+00,1.50E+00,4.35E+00,1.11E+00,4.27E+00,-2.40E+00,3282.03897
14,135,6.01E+03,2.42E+00,1.50E+00,4.35E+00,1.11E+00,4.27E+00,-2.40E+00,3518.320287
15,144,3.10E+03,1.30E+00,1.55E+00,4.29E+00,4.84E-01,4.45E+00,-2.37E+00,3759.318904
16,153,2.96E+03,1.26E+00,1.48E+00,4.93E+00,9.85E-01,4.50E+00,-1.49E+00,3989.657561
17,162,2.79E+03,1.20E+00,1.31E+00,4.74E+00,1.26E+00,3.97E+00,-2.22E+00,4187.97472
18,171,2.79E+03,1.20E+00,1.31E+00,4.74E+00,1.26E+00,3.97E+00,-2.22E+00,4357.684848
19,180,2.26E+03,7.91E-01,1.69E+00,5.17E+00,7.49E-01,5.43E+00,-2.62E+00,4535.866281
20,189,2.26E+03,7.91E-01,1.69E+00,5.17E+00,7.49E-01,5.43E+00,-2.62E+00,4712.026891
21,198,2.26E+03,7.91E-01,1.69E+00,5.17E+00,7.49E-01,5.43E+00,-2.62E+00,4882.342581
22,207,2.26E+03,7.91E-01,1.69E+00,5.17E+00,7.49E-01,5.43E+00,-2.62E+00,5050.12557
23,216,2.26E+03,7.91E-01,1.69E+00,5.17E+00,7.49E-01,5.43E+00,-2.62E+00,5219.218626
24,225,2.26E+03,7.91E-01,1.69E+00,5.17E+00,7.49E-01,5.43E+00,-2.62E+00,5374.84105
25,234,2.26E+03,7.91E-01,1.69E+00,5.17E+00,7.49E-01,5.43E+00,-2.62E+00,5537.450337
26,243,2.26E+03,7.91E-01,1.69E+00,5.17E+00,7.49E-01,5.43E+00,-2.62E+00,5695.242826
27,252,2.03E+03,8.66E-01,1.53E+00,4.79E+00,8.63E-01,4.73E+00,-2.61E+00,5848.513375
28,261,2.03E+03,8.66E-01,1.53E+00,4.79E+00,8.63E-01,4.73E+00,-2.61E+00,5998.471524
29,270,2.03E+03,8.66E-01,1.53E+00,4.79E+00,8.63E-01,4.73E+00,-2.61E+00,6149.986813
30,279,2.03E+03,8.66E-01,1.53E+00,4.79E+00,8.63E-01,4.73E+00,-2.61E+00,6300.616421
31,288,2.03E+03,8.66E-01,1.53E+00,4.79E+00,8.63E-01,4.73E+00,-2.61E+00,6447.708549
32,297,2.03E+03,8.66E-01,1.53E+00,4.79E+00,8.63E-01,4.73E+00,-2.61E+00,6599.131909
33,306,2.03E+03,8.66E-01,1.53E+00,4.79E+00,8.63E-01,4.73E+00,-2.61E+00,6750.826109
34,315,2.03E+03,8.66E-01,1.53E+00,4.79E+00,8.63E-01,4.73E+00,-2.61E+00,6906.849544
35,324,2.03E+03,8.66E-01,1.53E+00,4.79E+00,8.63E-01,4.73E+00,-2.61E+00,7060.522926
36,333,2.03E+03,8.66E-01,1.53E+00,4.79E+00,8.63E-01,4.73E+00,-2.61E+00,7213.688517
37,342,2.03E+03,8.66E-01,1.53E+00,4.79E+00,8.63E-01,4.73E+00,-2.61E+00,7362.619393
38,351,2.03E+03,8.66E-01,1.53E+00,4.79E+00,8.63E-01,4.73E+00,-2.61E+00,7514.841492
39,360,2.03E+03,8.66E-01,1.53E+00,4.79E+00,8.63E-01,4.73E+00,-2.61E+00,7666.997783
40,369,2.03E+03,8.66E-01,1.53E+00,4.79E+00,8.63E-01,4.73E+00,-2.61E+00,7816.675319
41,378,2.02E+03,8.53E-01,1.52E+00,4.67E+00,8.52E-01,4.62E+00,-2.23E+00,7964.383353
42,387,2.02E+03,8.53E-01,1.52E+00,4.67E+00,8.52E-01,4.62E+00,-2.23E+00,8115.116295
43,396,1.96E+03,8.04E-01,1.58E+00,4.69E+00,7.83E-01,4.85E+00,-2.45E+00,8268.681885
44,405,1.86E+03,8.78E-01,1.64E+00,4.54E+00,7.62E-01,4.96E+00,-2.71E+00,8417.075293
45,414,1.86E+03,8.33E-01,1.64E+00,4.69E+00,7.74E-01,5.06E+00,-2.97E+00,8567.15799
46,423,1.81E+03,9.41E-01,1.63E+00,4.51E+00,8.63E-01,4.91E+00,-2.98E+00,8716.395781
47,432,1.75E+03,7.90E-01,1.65E+00,4.35E+00,9.52E-01,4.97E+00,-3.02E+00,8867.597253
48,441,1.73E+03,9.74E-01,1.64E+00,4.37E+00,1.03E+00,4.87E+00,-3.61E+00,9017.688178
49,450,1.60E+03,8.78E-01,1.76E+00,4.08E+00,1.02E+00,5.21E+00,-3.83E+00,9168.297028
50,459,1.56E+03,8.22E-01,1.72E+00,4.16E+00,1.00E+00,5.10E+00,-4.03E+00,9321.601553
51,468,1.56E+03,8.22E-01,1.72E+00,4.16E+00,1.00E+00,5.10E+00,-4.03E+00,9472.851412
52,477,1.51E+03,8.72E-01,1.69E+00,4.12E+00,9.00E-01,4.98E+00,-3.86E+00,9623.398787
53,486,1.51E+03,8.72E-01,1.69E+00,4.12E+00,9.00E-01,4.98E+00,-3.86E+00,9772.921908
54,495,1.45E+03,8.02E-01,1.78E+00,4.19E+00,8.04E-01,5.29E+00,-4.36E+00,9925.522546
55,504,1.45E+03,8.02E-01,1.78E+00,4.19E+00,8.04E-01,5.29E+00,-4.36E+00,10075.98948
56,513,1.45E+03,8.02E-01,1.78E+00,4.19E+00,8.04E-01,5.29E+00,-4.36E+00,10227.33707
57,522,1.42E+03,7.41E-01,1.87E+00,4.18E+00,7.86E-01,5.60E+00,-5.36E+00,10376.55588
58,531,1.42E+03,7.41E-01,1.87E+00,4.18E+00,7.86E-01,5.60E+00,-5.36E+00,10525.98912
59,540,1.42E+03,7.74E-01,1.82E+00,4.23E+00,8.30E-01,5.44E+00,-5.02E+00,10674.06244
60,549,1.39E+03,7.36E-01,1.85E+00,4.09E+00,7.77E-01,5.51E+00,-5.32E+00,10825.48841
61,558,1.36E+03,7.68E-01,1.88E+00,3.92E+00,8.49E-01,5.51E+00,-5.58E+00,10977.60204
62,567,1.35E+03,7.36E-01,1.86E+00,4.01E+00,7.66E-01,5.49E+00,-5.52E+00,11126.05556
63,576,1.34E+03,7.70E-01,1.84E+00,3.98E+00,7.64E-01,5.37E+00,-5.30E+00,11277.30415
64,585,1.34E+03,7.70E-01,1.84E+00,3.98E+00,7.64E-01,5.37E+00,-5.30E+00,11426.78931
65,594,1.30E+03,6.81E-01,1.90E+00,3.74E+00,8.00E-01,5.51E+00,-6.22E+00,11577.22765
66,603,1.29E+03,7.26E-01,1.81E+00,3.87E+00,8.75E-01,5.28E+00,-5.27E+00,11724.5817
67,612,1.23E+03,7.32E-01,1.81E+00,3.66E+00,9.14E-01,5.18E+00,-5.55E+00,11875.31614
68,621,1.21E+03,7.16E-01,1.80E+00,3.68E+00,9.18E-01,5.13E+00,-5.90E+00,12022.11849
69,630,1.11E+03,7.66E-01,1.68E+00,3.63E+00,9.12E-01,4.74E+00,-5.23E+00,12169.35174
70,639,1.07E+03,6.27E-01,1.76E+00,3.37E+00,8.15E-01,4.87E+00,-6.11E+00,12320.65658
71,648,1.07E+03,6.27E-01,1.76E+00,3.37E+00,8.15E-01,4.87E+00,-6.11E+00,12476.91257
72,657,9.86E+02,6.98E-01,1.67E+00,3.26E+00,8.93E-01,4.47E+00,-5.98E+00,12630.65439
73,666,9.33E+02,7.78E-01,1.59E+00,3.31E+00,9.07E-01,4.25E+00,-5.00E+00,12777.39171
74,675,9.33E+02,7.78E-01,1.59E+00,3.31E+00,9.07E-01,4.25E+00,-5.00E+00,12925.89512
75,684,7.86E+02,7.20E-01,1.58E+00,3.07E+00,8.92E-01,4.12E+00,-5.58E+00,13071.80938
76,693,7.08E+02,6.80E-01,1.55E+00,2.72E+00,9.93E-01,3.87E+00,-6.20E+00,13217.01835
77,702,7.08E+02,6.80E-01,1.55E+00,2.72E+00,9.93E-01,3.87E+00,-6.20E+00,13364.90758
78,711,7.08E+02,6.80E-01,1.55E+00,2.72E+00,9.93E-01,3.87E+00,-6.20E+00,13515.51327
79,720,7.08E+02,6.80E-01,1.55E+00,2.72E+00,9.93E-01,3.87E+00,-6.20E+00,13668.2903
80,729,6.41E+02,8.05E-01,1.45E+00,2.58E+00,1.15E+00,3.43E+00,-6.56E+00,13832.12375
81,738,5.34E+02,8.94E-01,1.39E+00,2.48E+00,1.10E+00,3.11E+00,-6.05E+00,13979.68049
82,747,4.58E+02,7.93E-01,1.45E+00,2.24E+00,9.32E-01,3.23E+00,-6.55E+00,14131.31715
83,756,4.58E+02,7.93E-01,1.45E+00,2.24E+00,9.32E-01,3.23E+00,-6.55E+00,14278.38229
84,765,4.58E+02,7.93E-01,1.45E+00,2.24E+00,9.32E-01,3.23E+00,-6.55E+00,14428.99927
85,774,4.14E+02,7.41E-01,1.45E+00,2.36E+00,9.16E-01,3.29E+00,-6.70E+00,14577.73914
86,783,2.51E+02,7.72E-01,1.32E+00,1.85E+00,1.02E+00,2.63E+00,-6.44E+00,14724.50212
87,792,2.06E+02,7.78E-01,1.27E+00,1.82E+00,9.76E-01,2.43E+00,-6.32E+00,14878.77582
88,801,1.73E+02,7.44E-01,1.19E+00,1.34E+00,1.06E+00,2.03E+00,-6.38E+00,15027.71468
89,810,1.73E+02,7.44E-01,1.19E+00,1.34E+00,1.06E+00,2.03E+00,-6.38E+00,15179.73779
90,819,1.73E+02,7.44E-01,1.19E+00,1.34E+00,1.06E+00,2.03E+00,-6.38E+00,15327.44809
91,828,1.73E+02,7.44E-01,1.19E+00,1.34E+00,1.06E+00,2.03E+00,-6.38E+00,15472.00423
92,837,1.73E+02,7.44E-01,1.19E+00,1.34E+00,1.06E+00,2.03E+00,-6.38E+00,15618.91835
93,846,1.72E+02,7.36E-01,1.27E+00,1.35E+00,9.25E-01,2.21E+00,-7.22E+00,15767.55534
94,855,1.72E+02,7.36E-01,1.27E+00,1.35E+00,9.25E-01,2.21E+00,-7.22E+00,15911.16214
95,864,1.34E+02,7.95E-01,1.21E+00,1.47E+00,1.00E+00,2.06E+00,-6.25E+00,16057.20708
96,873,1.23E+02,8.33E-01,1.16E+00,1.33E+00,9.28E-01,1.76E+00,-5.98E+00,16206.76612
97,882,1.05E+02,8.51E-01,1.13E+00,1.24E+00,9.58E-01,1.64E+00,-5.97E+00,16352.39204
98,891,9.19E+01,8.40E-01,1.17E+00,1.30E+00,9.89E-01,1.81E+00,-6.30E+00,16503.91661
99,900,9.19E+01,8.40E-01,1.17E+00,1.30E+00,9.89E-01,1.81E+00,-6.30E+00,16652.26354
100,909,9.19E+01,8.40E-01,1.17E+00,1.30E+00,9.89E-01,1.81E+00,-6.30E+00,16798.03048
101,918,9.04E+01,8.17E-01,1.14E+00,1.18E+00,1.03E+00,1.69E+00,-6.38E+00,16944.46875
102,927,7.78E+01,8.49E-01,1.16E+00,1.16E+00,9.73E-01,1.69E+00,-6.58E+00,17093.72543
103,936,6.15E+01,8.61E-01,1.09E+00,9.62E-01,9.83E-01,1.37E+00,-6.48E+00,17238.07101
104,945,5.81E+01,8.23E-01,1.13E+00,7.42E-01,1.01E+00,1.42E+00,-7.24E+00,17384.45549
105,954,5.06E+01,8.43E-01,1.15E+00,8.87E-01,1.03E+00,1.54E+00,-7.11E+00,17530.13048
106,963,4.21E+01,8.77E-01,1.12E+00,9.05E-01,1.06E+00,1.44E+00,-7.04E+00,17676.26949
107,972,3.70E+01,9.04E-01,1.09E+00,7.95E-01,1.02E+00,1.27E+00,-6.96E+00,17828.26966
108,981,3.57E+01,9.01E-01,1.11E+00,9.00E-01,1.00E+00,1.37E+00,-7.21E+00,17987.02276
109,990,3.57E+01,9.01E-01,1.11E+00,9.00E-01,1.00E+00,1.37E+00,-7.21E+00,18134.71481
110,999,3.33E+01,9.03E-01,1.06E+00,7.50E-01,1.01E+00,1.12E+00,-7.10E+00,18282.55685
111,1008,3.33E+01,9.03E-01,1.06E+00,7.50E-01,1.01E+00,1.12E+00,-7.10E+00,18431.8779
112,1017,3.10E+01,9.32E-01,1.03E+00,7.28E-01,1.02E+00,1.01E+00,-6.90E+00,18581.77637
113,1026,3.04E+01,9.33E-01,1.06E+00,7.20E-01,9.98E-01,1.07E+00,-7.08E+00,18732.51283
114,1035,3.04E+01,9.33E-01,1.06E+00,7.20E-01,9.98E-01,1.07E+00,-7.08E+00,18885.81617
115,1044,3.02E+01,9.33E-01,1.08E+00,7.40E-01,1.03E+00,1.18E+00,-7.59E+00,19033.8903
116,1053,2.03E+01,9.45E-01,1.07E+00,8.24E-01,1.02E+00,1.16E+00,-7.31E+00,19184.04315
117,1062,2.03E+01,9.45E-01,1.07E+00,8.24E-01,1.02E+00,1.16E+00,-7.31E+00,19334.46162
118,1071,1.86E+01,9.32E-01,1.05E+00,8.37E-01,1.03E+00,1.12E+00,-7.10E+00,19489.26764
119,1080,1.44E+01,9.78E-01,1.04E+00,8.26E-01,1.04E+00,1.05E+00,-7.51E+00,19637.2562
120,1089,1.32E+01,9.48E-01,1.06E+00,9.24E-01,1.03E+00,1.19E+00,-7.99E+00,19784.54681
121,1098,1.32E+01,9.48E-01,1.06E+00,9.24E-01,1.03E+00,1.19E+00,-7.99E+00,19932.97967
122,1107,1.09E+01,9.61E-01,1.03E+00,8.78E-01,1.05E+00,1.06E+00,-7.49E+00,20089.78872
123,1116,1.09E+01,9.61E-01,1.03E+00,8.78E-01,1.05E+00,1.06E+00,-7.49E+00,20264.78095
124,1125,1.09E+01,9.61E-01,1.03E+00,8.78E-01,1.05E+00,1.06E+00,-7.49E+00,20416.88469
125,1134,1.09E+01,9.61E-01,1.03E+00,8.78E-01,1.05E+00,1.06E+00,-7.49E+00,20566.36871
126,1143,1.09E+01,9.61E-01,1.03E+00,8.78E-01,1.05E+00,1.06E+00,-7.49E+00,20714.73762
127,1152,1.09E+01,9.61E-01,1.03E+00,8.78E-01,1.05E+00,1.06E+00,-7.49E+00,20867.75005
128,1161,1.03E+01,9.55E-01,1.05E+00,8.82E-01,1.05E+00,1.13E+00,-7.67E+00,21039.06141
129,1170,7.94E+00,9.77E-01,1.02E+00,9.34E-01,1.05E+00,1.05E+00,-7.50E+00,21188.25937
130,1179,6.94E+00,9.63E-01,1.03E+00,9.77E-01,1.03E+00,1.12E+00,-7.36E+00,21337.64049
131,1188,6.44E+00,9.60E-01,1.03E+00,1.01E+00,1.02E+00,1.13E+00,-7.42E+00,21486.93328
132,1197,6.32E+00,9.79E-01,1.01E+00,1.02E+00,1.02E+00,1.06E+00,-7.49E+00,21639.05852
133,1206,6.19E+00,9.47E-01,1.04E+00,9.59E-01,1.01E+00,1.16E+00,-7.62E+00,21790.69221
134,1215,5.02E+00,9.70E-01,1.02E+00,1.01E+00,1.03E+00,1.10E+00,-7.45E+00,21939.93642
135,1224,3.04E+00,9.72E-01,1.03E+00,9.55E-01,1.02E+00,1.08E+00,-7.75E+00,22087.62032
136,1233,2.20E+00,9.92E-01,1.01E+00,9.37E-01,1.02E+00,1.01E+00,-7.70E+00,22235.44315
137,1242,1.52E+00,9.84E-01,1.02E+00,1.01E+00,1.01E+00,1.07E+00,-7.69E+00,22385.3291
138,1251,1.52E+00,9.84E-01,1.02E+00,1.01E+00,1.01E+00,1.07E+00,-7.69E+00,22545.66643
139,1260,1.27E+00,9.92E-01,1.01E+00,9.63E-01,1.02E+00,1.03E+00,-7.83E+00,22698.64515
140,1269,1.10E+00,1.00E+00,1.00E+00,1.00E+00,9.98E-01,1.01E+00,-7.62E+00,22850.00307
141,1278,1.10E+00,1.00E+00,1.00E+00,1.00E+00,9.98E-01,1.01E+00,-7.62E+00,22996.63391
142,1287,1.10E+00,1.00E+00,1.00E+00,1.00E+00,9.98E-01,1.01E+00,-7.62E+00,23147.40109
143,1296,1.10E+00,1.00E+00,1.00E+00,1.00E+00,9.98E-01,1.01E+00,-7.62E+00,23299.70491
144,1305,8.61E-01,9.88E-01,1.01E+00,9.45E-01,1.01E+00,1.01E+00,-7.76E+00,23446.55614
145,1314,6.94E-01,9.88E-01,1.01E+00,1.01E+00,1.01E+00,1.05E+00,-7.77E+00,23597.61976
146,1323,5.24E-01,9.98E-01,1.00E+00,9.98E-01,1.01E+00,1.01E+00,-7.73E+00,23749.91478
147,1332,5.24E-01,9.98E-01,1.00E+00,9.98E-01,1.01E+00,1.01E+00,-7.73E+00,23899.88197
148,1341,1.82E-01,9.93E-01,1.01E+00,1.00E+00,1.01E+00,1.02E+00,-7.78E+00,24049.65229
149,1350,1.82E-01,9.93E-01,1.01E+00,1.00E+00,1.01E+00,1.02E+00,-7.78E+00,24198.94266
150,1359,1.82E-01,9.93E-01,1.01E+00,1.00E+00,1.01E+00,1.02E+00,-7.78E+00,24357.60397
151,1368,1.82E-01,9.93E-01,1.01E+00,1.00E+00,1.01E+00,1.02E+00,-7.78E+00,24506.46341
152,1377,1.36E-01,1.00E+00,1.00E+00,9.96E-01,1.00E+00,1.00E+00,-7.86E+00,24652.63252
153,1386,1.27E-01,9.93E-01,1.01E+00,1.01E+00,9.97E-01,1.03E+00,-7.79E+00,24806.13564
154,1395,1.27E-01,9.93E-01,1.01E+00,1.01E+00,9.97E-01,1.03E+00,-7.79E+00,24955.39279
155,1404,9.38E-02,9.97E-01,1.00E+00,9.92E-01,1.00E+00,1.00E+00,-7.81E+00,25105.3188
156,1413,9.38E-02,9.97E-01,1.00E+00,9.92E-01,1.00E+00,1.00E+00,-7.81E+00,25252.63856
157,1422,7.75E-02,9.99E-01,1.00E+00,9.88E-01,1.00E+00,1.00E+00,-7.82E+00,25401.2441
158,1431,4.39E-02,9.99E-01,1.00E+00,9.96E-01,1.00E+00,1.00E+00,-7.78E+00,25555.26565
159,1440,3.73E-02,9.99E-01,1.00E+00,1.01E+00,9.98E-01,1.01E+00,-7.82E+00,25704.55912
160,1449,3.14E-02,1.00E+00,9.99E-01,9.99E-01,9.99E-01,9.95E-01,-7.82E+00,25852.56074
161,1458,3.14E-02,1.00E+00,9.99E-01,9.99E-01,9.99E-01,9.95E-01,-7.82E+00,26003.1172
162,1467,3.14E-02,1.00E+00,9.99E-01,9.99E-01,9.99E-01,9.95E-01,-7.82E+00,26150.58052
163,1476,2.86E-02,9.98E-01,1.00E+00,9.91E-01,1.00E+00,1.00E+00,-7.78E+00,26315.86303
164,1485,1.32E-02,1.00E+00,1.00E+00,9.98E-01,9.99E-01,1.00E+00,-7.80E+00,26465.66519
165,1494,1.02E-02,1.00E+00,1.00E+00,1.00E+00,1.00E+00,1.01E+00,-7.79E+00,26614.92779
166,1503,4.71E-03,9.99E-01,1.00E+00,1.00E+00,9.99E-01,1.00E+00,-7.79E+00,26767.17135
167,1512,2.95E-03,1.00E+00,1.00E+00,1.00E+00,1.00E+00,1.00E+00,-7.80E+00,26924.78207
168,1521,2.95E-03,1.00E+00,1.00E+00,1.00E+00,1.00E+00,1.00E+00,-7.80E+00,27090.98575
169,1530,2.95E-03,1.00E+00,1.00E+00,1.00E+00,1.00E+00,1.00E+00,-7.80E+00,27244.45823
170,1539,2.27E-03,1.00E+00,1.00E+00,1.00E+00,9.99E-01,1.00E+00,-7.80E+00,27394.55024
171,1548,1.40E-03,1.00E+00,1.00E+00,1.00E+00,1.00E+00,1.00E+00,-7.80E+00,27547.72074
172,1557,1.40E-03,1.00E+00,1.00E+00,1.00E+00,1.00E+00,1.00E+00,-7.80E+00,27697.53903
173,1566,1.40E-03,1.00E+00,1.00E+00,1.00E+00,1.00E+00,1.00E+00,-7.80E+00,27849.1215
174,1575,7.04E-04,1.00E+00,1.00E+00,9.98E-01,1.00E+00,9.98E-01,-7.80E+00,27998.23415
175,1584,7.04E-04,1.00E+00,1.00E+00,9.98E-01,1.00E+00,9.98E-01,-7.80E+00,28149.05235
176,1593,4.00E-04,1.00E+00,1.00E+00,1.00E+00,1.00E+00,1.00E+00,-7.80E+00,28299.09631
177,1602,4.00E-04,1.00E+00,1.00E+00,1.00E+00,1.00E+00,1.00E+00,-7.80E+00,28448.53769
178,1611,4.00E-04,1.00E+00,1.00E+00,1.00E+00,1.00E+00,1.00E+00,-7.80E+00,28602.21372
179,1620,4.00E-04,1.00E+00,1.00E+00,1.00E+00,1.00E+00,1.00E+00,-7.80E+00,28754.28064
180,1629,4.00E-04,1.00E+00,1.00E+00,1.00E+00,1.00E+00,1.00E+00,-7.80E+00,28900.52224
181,1638,4.00E-04,1.00E+00,1.00E+00,1.00E+00,1.00E+00,1.00E+00,-7.80E+00,29048.58698
182,1647,4.00E-04,1.00E+00,1.00E+00,1.00E+00,1.00E+00,1.00E+00,-7.80E+00,29196.71687
183,1656,4.00E-04,1.00E+00,1.00E+00,1.00E+00,1.00E+00,1.00E+00,-7.80E+00,29349.49013
184,1665,2.83E-04,1.00E+00,1.00E+00,1.00E+00,1.00E+00,1.00E+00,-7.80E+00,29497.49563
185,1674,2.83E-04,1.00E+00,1.00E+00,1.00E+00,1.00E+00,1.00E+00,-7.80E+00,29647.59388
186,1683,2.35E-04,1.00E+00,1.00E+00,1.00E+00,1.00E+00,1.00E+00,-7.80E+00,29796.94499
187,1692,1.09E-04,1.00E+00,1.00E+00,1.00E+00,1.00E+00,1.00E+00,-7.80E+00,29948.77909
188,1701,1.09E-04,1.00E+00,1.00E+00,1.00E+00,1.00E+00,1.00E+00,-7.80E+00,30100.25947
189,1710,1.09E-04,1.00E+00,1.00E+00,1.00E+00,1.00E+00,1.00E+00,-7.80E+00,30245.90919
190,1719,1.09E-04,1.00E+00,1.00E+00,1.00E+00,1.00E+00,1.00E+00,-7.80E+00,30397.0468
191,1728,1.01E-04,1.00E+00,1.00E+00,9.99E-01,1.00E+00,1.00E+00,-7.80E+00,30543.7482
192,1737,8.37E-05,1.00E+00,1.00E+00,1.00E+00,1.00E+00,1.00E+00,-7.80E+00,30690.40343
193,1746,7.47E-05,1.00E+00,1.00E+00,1.00E+00,1.00E+00,1.00E+00,-7.80E+00,30839.8722
194,1755,4.30E-05,1.00E+00,1.00E+00,1.00E+00,1.00E+00,1.00E+00,-7.80E+00,30989.47993
195,1764,3.95E-05,1.00E+00,1.00E+00,1.00E+00,1.00E+00,1.00E+00,-7.80E+00,31138.65492
196,1773,3.95E-05,1.00E+00,1.00E+00,1.00E+00,1.00E+00,1.00E+00,-7.80E+00,31287.64314
197,1782,3.49E-05,1.00E+00,1.00E+00,1.00E+00,1.00E+00,1.00E+00,-7.80E+00,31435.32402
198,1791,2.90E-05,1.00E+00,1.00E+00,1.00E+00,1.00E+00,1.00E+00,-7.80E+00,31582.48339
199,1800,2.28E-05,1.00E+00,1.00E+00,1.00E+00,1.00E+00,1.00E+00,-7.80E+00,31730.81291
200,1809,2.28E-05,1.00E+00,1.00E+00,1.00E+00,1.00E+00,1.00E+00,-7.80E+00,31881.71492
201,1818,1.98E-05,1.00E+00,1.00E+00,1.00E+00,1.00E+00,1.00E+00,-7.80E+00,32028.84107
202,1827,1.21E-05,1.00E+00,1.00E+00,1.00E+00,1.00E+00,1.00E+00,-7.80E+00,32179.80836
203,1836,1.20E-05,1.00E+00,1.00E+00,1.00E+00,1.00E+00,1.00E+00,-7.80E+00,32332.67415
204,1845,4.26E-06,1.00E+00,1.00E+00,1.00E+00,1.00E+00,1.00E+00,-7.80E+00,32484.13544
205,1854,4.26E-06,1.00E+00,1.00E+00,1.00E+00,1.00E+00,1.00E+00,-7.80E+00,32631.47335
206,1863,4.26E-06,1.00E+00,1.00E+00,1.00E+00,1.00E+00,1.00E+00,-7.80E+00,32784.95504
207,1872,3.43E-06,1.00E+00,1.00E+00,1.00E+00,1.00E+00,1.00E+00,-7.80E+00,32934.80215
208,1881,3.43E-06,1.00E+00,1.00E+00,1.00E+00,1.00E+00,1.00E+00,-7.80E+00,33088.40024
209,1890,3.43E-06,1.00E+00,1.00E+00,1.00E+00,1.00E+00,1.00E+00,-7.80E+00,33238.68252
210,1899,3.43E-06,1.00E+00,1.00E+00,1.00E+00,1.00E+00,1.00E+00,-7.80E+00,33387.03918
211,1908,1.24E-06,1.00E+00,1.00E+00,1.00E+00,1.00E+00,1.00E+00,-7.80E+00,33534.07736
212,1917,1.24E-06,1.00E+00,1.00E+00,1.00E+00,1.00E+00,1.00E+00,-7.80E+00,33685.1573
213,1926,1.24E-06,1.00E+00,1.00E+00,1.00E+00,1.00E+00,1.00E+00,-7.80E+00,33843.62463
214,1935,1.24E-06,1.00E+00,1.00E+00,1.00E+00,1.00E+00,1.00E+00,-7.80E+00,33994.79945
215,1944,1.24E-06,1.00E+00,1.00E+00,1.00E+00,1.00E+00,1.00E+00,-7.80E+00,34143.58392
216,1953,1.24E-06,1.00E+00,1.00E+00,1.00E+00,1.00E+00,1.00E+00,-7.80E+00,34296.80028
217,1962,1.18E-06,1.00E+00,1.00E+00,1.00E+00,1.00E+00,1.00E+00,-7.80E+00,34445.58504
218,1971,1.11E-06,1.00E+00,1.00E+00,1.00E+00,1.00E+00,1.00E+00,-7.80E+00,34595.82797
219,1980,1.11E-06,1.00E+00,1.00E+00,1.00E+00,1.00E+00,1.00E+00,-7.80E+00,34743.24862
220,1989,1.11E-06,1.00E+00,1.00E+00,1.00E+00,1.00E+00,1.00E+00,-7.80E+00,34895.47919
221,1998,9.91E-07,1.00E+00,1.00E+00,1.00E+00,1.00E+00,1.00E+00,-7.80E+00,35046.18095
222,2007,9.91E-07,1.00E+00,1.00E+00,1.00E+00,1.00E+00,1.00E+00,-7.80E+00,35195.94599
223,2016,9.91E-07,1.00E+00,1.00E+00,1.00E+00,1.00E+00,1.00E+00,-7.80E+00,35345.67432
224,2025,9.91E-07,1.00E+00,1.00E+00,1.00E+00,1.00E+00,1.00E+00,-7.80E+00,35492.61918
225,2034,9.91E-07,1.00E+00,1.00E+00,1.00E+00,1.00E+00,1.00E+00,-7.80E+00,35645.79909
226,2043,9.31E-07,1.00E+00,1.00E+00,1.00E+00,1.00E+00,1.00E+00,-7.80E+00,35794.95811
227,2052,6.53E-07,1.00E+00,1.00E+00,1.00E+00,1.00E+00,1.00E+00,-7.80E+00,35944.00694
228,2061,6.53E-07,1.00E+00,1.00E+00,1.00E+00,1.00E+00,1.00E+00,-7.80E+00,36091.05323
229,2070,6.53E-07,1.00E+00,1.00E+00,1.00E+00,1.00E+00,1.00E+00,-7.80E+00,36243.21969
230,2079,6.53E-07,1.00E+00,1.00E+00,1.00E+00,1.00E+00,1.00E+00,-7.80E+00,36392.67924
231,2088,6.53E-07,1.00E+00,1.00E+00,1.00E+00,1.00E+00,1.00E+00,-7.80E+00,36543.71977
232,2097,6.53E-07,1.00E+00,1.00E+00,1.00E+00,1.00E+00,1.00E+00,-7.80E+00,36691.11443
233,2106,6.53E-07,1.00E+00,1.00E+00,1.00E+00,1.00E+00,1.00E+00,-7.80E+00,36856.68772
234,2115,6.53E-07,1.00E+00,1.00E+00,1.00E+00,1.00E+00,1.00E+00,-7.80E+00,37008.52625
235,2124,6.53E-07,1.00E+00,1.00E+00,1.00E+00,1.00E+00,1.00E+00,-7.80E+00,37157.03179
